tankAx,tankAy,tankAr,tankAc,tankBx,tankBy,tankBr,tankBc,r,m,f
102,620,0,1,1150,200,-179,1,0,1,0
111,620,0,1,1150,200,-179,1,0,1,0
116,620,4,1,1150,200,-179,1,-1,0,0
118,619,19,1,1150,200,-179,1,-1,1,0
122,617,33,1,1150,200,-179,1,-1,0,0
122,617,47,1,1150,200,-179,1,-1,0,0
122,617,62,1,1150,200,-179,1,-1,0,0
124,612,73,1,1140,200,-179,1,0,1,0
126,603,78,1,1140,200,-179,1,0,1,0
128,593,78,1,1140,200,-179,1,0,1,0
130,583,78,1,1140,200,-179,1,0,1,0
132,573,78,1,1140,200,-179,1,0,1,0
134,564,78,1,1140,200,-179,1,0,1,0
136,554,78,1,1140,200,-179,1,0,1,0
138,544,78,1,1140,200,-175,1,0,1,0
140,534,78,1,1140,200,-160,1,0,1,0
142,524,78,1,1140,200,-156,1,0,1,0
144,514,78,1,1140,200,-156,1,0,1,0
146,505,78,1,1140,200,-156,1,0,1,0
147,495,93,1,1140,200,-156,1,-1,1,0
144,485,102,1,1140,200,-156,1,0,1,0
142,475,102,1,1140,200,-146,1,0,1,0
140,465,102,1,1140,200,-137,1,0,1,0
138,456,102,1,1140,200,-137,1,0,1,0
135,446,102,1,1140,200,-137,1,0,1,0
133,436,102,1,1140,200,-137,1,0,1,0
132,426,90,1,1140,200,-137,1,1,1,0
133,416,76,1,1140,200,-137,1,1,1,0
136,407,61,1,1140,200,-137,1,1,1,0
140,401,47,1,1140,200,-137,1,1,0,0
140,401,33,1,1140,200,-137,1,1,0,0
140,401,18,1,1140,200,-137,1,1,0,0
143,400,4,1,1140,200,-137,1,1,1,0
153,401,-2,1,1140,200,-137,1,0,1,0
163,401,-2,1,1140,200,-137,1,0,1,0
173,402,-2,1,1140,200,-137,1,0,1,0
183,402,-2,1,1140,200,-137,1,0,1,0
193,403,-2,1,1136,203,-137,1,0,1,0
203,403,-2,1,1129,210,-137,1,0,1,0
213,403,-2,1,1121,217,-137,1,0,1,0
223,404,-2,1,1114,223,-137,1,0,1,0
233,404,-2,1,1107,230,-137,1,0,1,0
243,405,-2,1,1099,237,-137,1,0,1,0
253,405,-2,1,1094,242,-137,1,0,1,0
263,406,-2,1,1102,235,-137,1,0,1,0
273,406,-2,1,1097,239,-137,1,0,1,0
283,407,-7,1,1089,246,-137,1,1,1,0
293,409,-17,1,1082,253,-137,1,0,1,0
302,412,-17,1,1075,260,-137,1,0,1,0
312,415,-17,1,1068,267,-137,1,0,1,0
321,418,-17,1,1060,273,-137,1,0,1,0
331,421,-9,1,1053,280,-137,1,-1,1,0
341,422,4,1,1046,287,-137,1,-1,1,0
348,421,6,0,1020,311,-110,0,1,0,0
348,421,-7,0,1020,311,-110,0,1,0,0
354,423,-21,0,1020,311,-101,0,1,1,0
363,427,-36,0,1020,311,-86,0,1,1,0
370,434,-50,0,1020,311,-72,0,1,1,0
376,442,-64,0,1017,307,-60,0,1,1,0
379,452,-79,0,1013,298,-60,0,1,1,0
380,462,-86,0,1008,289,-60,0,0,1,0
381,472,-86,0,1003,281,-60,0,0,1,0
381,482,-86,0,999,273,-60,0,0,1,0
382,492,-86,0,999,273,-60,0,0,1,0
383,503,-86,0,995,267,-60,0,0,1,0
383,513,-86,0,990,259,-60,0,0,1,0
384,523,-86,0,985,250,-60,0,0,1,0
385,532,-72,0,983,246,-60,0,-1,1,0
389,542,-62,0,983,246,-60,0,0,1,0
394,550,-62,1,983,246,-60,1,0,1,0
399,559,-62,1,984,247,-60,1,0,1,0
403,568,-60,1,989,256,-60,1,-1,1,0
409,576,-45,1,994,265,-60,1,-1,1,0
417,583,-31,1,999,273,-60,1,-1,1,0
426,587,-17,1,1003,282,-60,1,-1,1,0
436,589,-2,1,1008,291,-60,1,-1,1,0
446,588,11,1,1013,300,-60,1,-1,1,0
455,585,23,1,1018,308,-60,1,0,1,0
464,581,23,1,1023,317,-60,1,0,1,0
474,577,16,1,1028,326,-60,1,1,1,0
481,576,1,1,1033,335,-60,1,1,1,0
481,576,-12,1,1038,344,-60,1,1,1,0
100,620,-26,1,1150,620,-60,1,1,1,0
108,625,-38,1,1154,628,-60,1,0,1,0
116,631,-38,1,1159,637,-60,1,0,1,0
124,637,-29,1,1164,645,-60,1,-1,1,0
133,641,-22,1,1169,645,-60,1,0,1,0
135,645,-22,1,1172,645,-60,1,0,1,0
135,648,-7,1,1172,645,-60,1,-1,0,0
135,648,6,1,1172,645,-60,1,-1,0,0
135,648,20,1,1172,645,-60,1,-1,0,0
134,646,35,1,1172,645,-60,1,-1,0,0
134,642,49,1,1172,645,-60,1,-1,0,0
135,640,63,1,1172,645,-60,1,-1,1,0
139,631,66,1,1172,645,-60,1,0,1,0
141,622,66,1,1172,645,-60,1,0,1,0
141,612,66,1,1172,645,-60,1,0,1,0
142,603,71,1,1172,645,-60,1,-1,1,0
144,594,85,1,1172,645,-60,1,-1,1,0
144,584,94,1,1172,645,-60,1,0,1,0
143,574,94,1,1172,645,-60,1,0,1,0
142,564,94,1,1172,645,-60,1,0,1,0
141,554,94,1,1168,637,-60,1,0,1,0
141,544,94,1,1163,629,-60,1,0,1,0
140,534,94,1,1163,629,-60,1,0,1,0
139,524,94,1,1163,629,-60,1,0,1,0
138,514,94,1,1163,629,-60,1,0,1,0
137,504,94,1,1163,629,-60,1,0,1,0
136,494,94,1,1163,629,-60,1,0,1,0
136,484,90,1,1159,621,-60,1,1,1,0
137,474,75,1,1158,618,-60,1,1,1,0
139,464,61,1,1158,618,-60,1,1,1,0
140,456,61,1,1158,618,-55,1,0,1,0
144,447,61,1,1158,618,-41,1,0,1,0
149,438,61,1,1158,618,-34,1,0,1,0
154,429,58,1,1158,618,-34,1,1,1,0
160,421,44,1,1158,618,-31,1,1,1,0
168,415,30,1,1158,618,-17,1,1,1,0
177,411,15,1,1158,618,-3,1,1,1,0
187,409,2,1,1158,618,12,1,0,1,0
197,409,2,1,1158,618,26,1,0,1,0
207,408,2,1,1158,618,40,1,0,1,0
217,408,2,1,1158,618,53,1,0,1,0
227,407,2,1,1158,618,68,1,0,1,0
237,407,2,1,1158,618,82,1,0,1,0
247,406,2,1,1158,618,96,1,0,1,0
257,406,2,1,1158,618,111,1,0,1,0
267,406,2,1,1158,618,125,1,0,1,0
277,405,2,1,1158,618,139,1,0,1,0
287,405,2,1,1158,618,154,1,0,1,0
297,404,2,1,1158,618,168,1,0,1,0
307,404,2,1,1158,618,-177,1,0,1,0
317,403,2,1,1158,618,-165,1,0,1,0
326,404,-7,1,1158,618,-165,1,0,1,0
336,405,-7,1,1158,618,-165,1,0,1,0
346,406,-7,1,1158,618,-165,1,0,1,0
356,408,-7,1,1158,618,-165,1,0,1,0
366,409,-7,1,1158,618,-165,1,0,1,0
376,410,-7,1,1158,618,-165,1,0,1,0
386,411,-7,1,1158,618,-165,1,0,1,0
396,412,-7,1,1158,618,-165,1,0,1,0
406,414,-7,1,1158,618,-165,1,0,1,0
416,415,-7,1,1158,618,-165,1,0,1,0
426,416,-7,1,1158,618,-165,1,0,1,0
436,417,-7,1,1158,618,-165,1,0,1,0
446,419,-7,1,1158,618,-172,1,0,1,0
456,420,-4,1,1158,618,173,1,-1,1,0
466,420,9,1,1158,618,168,1,-1,1,0
476,417,14,1,1158,618,168,1,0,1,0
485,415,14,1,1158,618,168,1,0,1,0
495,412,14,1,1158,618,168,1,0,1,0
505,410,14,1,1158,618,168,1,0,1,0
514,407,14,1,1158,618,168,1,0,1,0
524,405,14,1,1158,618,168,1,0,1,0
534,402,14,1,1158,618,168,1,0,1,0
543,400,14,1,1158,618,168,1,0,1,0
553,398,0,1,1158,618,168,1,1,1,0
563,398,-2,1,1158,618,168,1,0,1,0
573,399,-2,1,1158,618,168,1,0,1,0
583,399,-2,1,1158,618,168,1,0,1,0
593,399,-2,1,1158,618,168,1,0,1,0
603,400,-2,1,1158,618,168,1,0,1,0
613,400,-2,1,1158,618,168,1,0,1,0
624,401,-2,1,1158,618,168,1,0,1,0
634,401,-2,1,1158,618,168,1,0,1,0
644,401,-2,1,1158,618,168,1,0,1,0
653,402,-2,1,1158,618,168,1,0,1,0
663,402,-2,1,1158,618,168,1,0,1,0
673,402,-2,1,1158,618,168,1,0,1,0
683,403,-2,1,1158,618,168,1,0,1,0
680,403,-2,1,1158,618,168,1,0,-1,0
670,402,-2,1,1158,618,168,1,0,-1,0
660,402,-2,1,1158,618,168,1,0,-1,0
650,402,-2,1,1158,618,168,1,0,-1,0
640,401,-2,1,1158,618,168,1,0,-1,0
630,401,-2,1,1158,618,168,1,0,-1,0
620,400,-2,1,1158,618,168,1,0,-1,0
610,400,-2,1,1158,618,168,1,0,-1,0
600,400,-2,1,1158,618,168,1,0,-1,0
590,399,-2,1,1158,618,168,1,0,-1,0
581,399,-2,1,1158,618,168,1,0,-1,0
570,399,-2,1,1158,618,168,1,0,-1,0
563,398,-2,1,1158,618,168,1,0,1,0
573,399,-2,1,1158,618,168,1,0,1,0
583,399,-2,1,1158,618,168,1,0,1,0
593,399,-2,1,1158,618,168,1,0,1,0
603,400,-2,1,1158,618,168,1,0,1,0
613,400,-2,1,1158,618,168,1,0,1,0
623,401,-2,1,1158,618,156,1,0,1,0
633,401,-2,1,1158,618,142,1,0,1,0
643,401,-2,1,1158,618,127,1,0,1,0
654,402,-2,1,1158,618,113,1,0,1,0
664,402,-2,1,1158,618,98,1,0,1,0
674,402,-2,1,1158,618,94,1,0,1,0
684,403,-2,1,1158,618,94,1,0,1,0
694,403,-2,1,1158,618,94,1,0,1,0
704,404,-2,1,1157,617,94,1,0,1,0
714,404,-2,1,1157,607,94,1,0,1,0
723,404,-2,1,1156,597,94,1,0,1,0
733,405,-2,1,1155,587,94,1,0,1,0
744,405,-2,1,1155,576,94,1,0,1,0
754,405,-2,1,1154,566,94,1,0,1,0
764,406,-2,1,1153,556,94,1,0,1,0
774,406,-2,1,1152,547,94,1,0,1,0
784,406,-2,1,1152,537,94,1,0,1,0
794,407,-2,1,1151,527,94,1,0,1,0
804,407,-2,1,1150,517,94,1,0,1,0
814,408,-2,1,1149,507,94,1,0,1,0
824,408,-2,1,1149,497,94,1,0,1,0
832,408,-2,1,1148,492,94,1,0,1,0
832,408,-2,0,1148,492,94,0,0,1,1
832,408,-2,0,1148,492,94,0,0,1,0
832,408,-2,0,1148,492,94,0,0,1,0
832,408,-2,0,1148,492,94,0,0,1,0
830,408,-2,0,1148,488,94,0,0,-1,0
91,199,-2,0,1149,191,94,0,0,-1,0
81,199,-2,0,1149,190,94,0,0,-1,0
71,198,-2,0,1149,190,94,0,0,-1,0
71,198,-2,0,1149,190,94,0,0,-1,0
71,198,-2,0,1149,190,94,0,0,-1,0
75,198,-2,0,1149,190,94,0,0,1,0
85,198,-2,0,1149,190,94,0,0,1,0
95,198,-2,0,1149,190,94,0,0,1,0
105,199,-2,0,1149,190,94,0,0,1,0
115,199,-2,0,1149,190,94,0,0,1,0
125,199,-2,0,1149,190,94,0,0,1,0
135,200,-2,1,1149,190,94,1,0,1,0
145,200,-2,1,1149,190,94,1,0,1,0
155,201,-2,1,1149,190,94,1,0,1,0
165,201,-2,1,1149,190,94,1,0,1,0
175,201,-2,1,1149,195,94,1,0,1,0
185,202,-2,1,1150,205,94,1,0,1,0
195,202,-2,1,1151,215,94,1,0,1,0
205,202,-2,1,1151,215,94,1,0,1,0
215,203,-2,1,1151,215,94,1,0,1,0
225,203,-2,1,1151,215,94,1,0,1,0
235,203,-2,1,1151,215,94,1,0,1,0
104,620,-2,1,1150,200,94,1,0,1,0
114,620,-2,1,1150,200,94,1,0,1,0
124,620,-2,1,1150,200,94,1,0,1,0
134,621,-2,1,1150,200,94,1,0,1,0
140,621,-2,1,1150,200,94,1,0,1,0
140,622,-2,1,1150,200,94,1,0,1,0
138,622,9,1,1150,200,94,1,-1,0,0
135,622,24,1,1150,200,94,1,-1,0,0
134,622,38,1,1150,200,94,1,-1,0,0
134,622,52,1,1150,200,94,1,-1,0,0
134,622,67,1,1150,200,94,1,-1,0,0
134,622,81,1,1150,200,94,1,-1,0,0
134,622,95,1,1150,200,94,1,-1,0,0
133,612,95,1,1150,200,94,1,0,1,0
132,601,95,1,1150,200,94,1,0,1,0
131,591,95,1,1150,200,94,1,0,1,0
130,581,95,1,1150,200,94,1,0,1,0
129,571,95,1,1150,200,94,1,0,1,0
128,561,95,1,1150,200,94,1,0,1,0
127,552,95,1,1150,200,94,1,0,1,0
126,542,95,1,1150,200,94,1,0,1,0
125,532,95,1,1150,200,94,1,0,1,0
124,522,95,1,1150,200,94,1,0,1,0
123,512,95,1,1150,200,94,1,0,1,0
122,502,95,1,1150,200,94,1,0,1,0
121,492,95,1,1150,200,94,1,0,1,0
120,482,95,1,1150,200,94,1,0,1,0
119,472,95,1,1150,200,96,1,0,1,0
118,462,95,1,1150,200,110,1,0,1,0
117,452,95,1,1150,200,125,1,0,1,0
116,442,95,1,1150,200,139,1,0,1,0
115,432,95,1,1150,200,153,1,0,1,0
114,422,95,1,1150,200,168,1,0,1,0
113,412,88,1,1150,200,-177,1,1,1,0
114,402,74,1,1150,200,-162,1,1,1,0
118,393,59,1,1150,200,-148,1,1,1,0
124,385,45,1,1150,200,-134,1,1,1,0
132,378,31,1,1150,200,-122,1,1,1,0
141,374,16,1,1150,200,-122,1,1,1,0
150,372,2,1,1150,200,-122,1,1,1,0
160,372,-2,1,1150,200,-122,1,0,1,0
170,373,-2,1,1150,200,-122,1,0,1,0
180,373,-2,1,1150,200,-122,1,0,1,0
190,374,-2,1,1150,200,-122,1,0,1,0
200,374,-2,1,1150,200,-122,1,0,1,0
210,374,-2,1,1150,200,-122,1,0,1,0
221,375,-2,1,1145,207,-122,1,0,1,0
231,375,-2,1,1140,215,-122,1,0,1,0
241,376,-2,1,1134,224,-122,1,0,1,0
251,376,-2,1,1129,232,-122,1,0,1,0
261,376,-2,1,1124,240,-122,1,0,1,0
271,377,-2,1,1118,249,-122,1,0,1,0
281,377,-2,1,1113,257,-122,1,0,1,0
291,378,-14,1,1107,266,-122,1,1,1,0
300,382,-28,1,1102,274,-122,1,1,1,0
308,388,-43,1,1097,283,-122,1,1,1,0
315,395,-57,1,1091,291,-122,1,1,1,0
320,404,-57,1,1086,300,-122,1,0,1,0
326,412,-57,1,1081,308,-122,1,0,1,0
331,420,-57,1,1075,317,-122,1,0,1,0
336,429,-57,1,1070,325,-122,1,0,1,0
342,437,-57,1,1064,334,-122,1,0,1,0
348,445,-43,1,1062,338,-129,1,-1,1,0
356,451,-28,1,1062,338,-143,1,-1,1,0
365,455,-14,1,1062,338,-158,1,-1,1,0
375,457,-2,1,1062,338,-160,1,0,1,0
385,456,9,1,1062,338,-160,1,-1,1,0
395,454,19,1,1062,338,-160,1,0,1,0
404,450,19,1,1062,338,-160,1,0,1,0
413,447,19,1,1062,338,-160,1,0,1,0
423,444,19,1,1062,338,-160,1,0,1,0
432,441,19,1,1062,338,-160,1,0,1,0
442,437,19,1,1062,338,-160,1,0,1,0
451,434,19,1,1062,338,-160,1,0,1,0
461,431,19,1,1062,338,-160,1,0,1,0
470,428,19,0,1062,338,-160,0,0,1,0
480,424,19,0,1062,338,-160,0,0,1,0
490,421,19,0,1062,338,-160,0,0,1,0
499,418,9,0,1062,338,-160,0,1,1,0
509,418,-4,0,1062,338,-160,0,1,1,0
519,419,-14,0,1062,338,-170,0,0,1,0
529,422,-14,0,1062,338,175,0,0,1,0
538,424,-7,0,1062,338,161,0,-1,1,0
542,424,7,0,1062,338,146,0,-1,1,0
538,422,21,0,1062,338,132,0,-1,1,0
547,417,31,0,1062,338,117,0,0,1,0
555,412,31,0,1062,338,103,0,0,1,0
564,407,31,0,1062,338,89,0,0,1,0
573,402,31,0,1062,338,74,0,0,1,0
581,397,31,0,1062,338,60,0,0,1,0
590,393,16,0,1062,338,46,0,1,1,0
600,390,9,0,1062,338,31,0,0,1,0
610,389,9,0,1062,338,17,0,0,1,0
620,387,9,0,1062,338,3,0,0,1,0
630,385,9,1,1062,338,-11,1,0,1,0
640,384,9,1,1062,338,-25,1,0,1,0
649,383,0,1,1062,338,-39,1,1,1,0
660,383,-4,1,1062,338,-54,1,0,1,0
670,384,-4,1,1062,338,-68,1,0,1,0
679,385,-4,1,1062,338,-83,1,0,1,0
689,385,7,1,1062,338,-97,1,-1,1,0
699,383,9,1,1062,338,-111,1,0,1,0
709,382,9,1,1062,338,-126,1,0,1,0
719,380,9,1,1062,338,-140,1,0,1,0
729,379,9,0,1062,338,-154,0,0,1,0
739,377,9,0,1062,338,-164,0,0,1,0
749,375,9,0,1062,338,-164,0,0,1,0
759,374,9,0,1062,338,-164,0,0,1,0
749,375,9,0,1062,338,-164,0,0,-1,0
739,377,9,0,1062,338,-164,0,0,-1,0
91,621,9,0,1150,200,-164,0,0,-1,0
81,623,9,0,1150,200,-164,0,0,-1,0
74,624,9,0,1150,200,-164,0,0,-1,0
74,626,9,0,1150,200,-164,0,0,-1,0
76,627,9,0,1150,200,-164,0,0,1,0
82,626,21,0,1150,200,-164,0,-1,0,0
89,622,35,0,1150,200,-164,0,-1,1,0
97,615,50,0,1150,200,-164,0,-1,1,0
103,607,64,0,1150,200,-164,0,-1,1,0
106,598,78,0,1150,200,-164,0,-1,1,0
108,588,78,0,1150,200,-164,0,0,1,0
110,578,78,1,1150,200,-164,1,0,1,0
112,568,78,1,1150,200,-164,1,0,1,0
114,558,78,1,1150,200,-164,1,0,1,0
116,548,78,1,1150,200,-164,1,0,1,0
118,539,78,1,1150,200,-164,1,0,1,0
119,529,90,1,1150,200,-164,1,-1,1,0
118,519,95,1,1150,200,-164,1,0,1,0
117,509,95,1,1150,200,-164,1,0,1,0
116,499,95,1,1150,200,-164,1,0,1,0
115,489,95,1,1150,200,-164,1,0,1,0
114,479,93,1,1150,200,-164,1,1,1,0
115,469,78,1,1150,200,-164,1,1,1,0
118,459,64,1,1150,200,-164,1,1,1,0
123,451,50,1,1150,200,-164,1,1,1,0
130,443,45,1,1150,200,-164,1,0,1,0
137,436,45,1,1150,200,-164,1,0,1,0
144,429,45,1,1150,200,-164,1,0,1,0
151,422,42,1,1150,200,-164,1,1,1,0
159,416,28,1,1150,200,-164,1,1,1,0
168,412,18,1,1150,200,-164,1,0,1,0
178,409,18,1,1150,200,-164,1,0,1,0
187,406,14,1,1150,200,-164,1,1,1,0
197,404,0,1,1150,200,-164,1,1,1,0
207,405,-4,1,1150,200,-164,1,0,1,0
217,406,-4,1,1150,200,-164,1,0,1,0
227,407,-4,1,1150,200,-164,1,0,1,0
237,407,2,1,1150,200,-164,1,-1,1,0
247,404,16,1,1150,200,-164,1,-1,1,0
256,398,28,1,1150,200,-164,1,0,1,0
265,393,28,1,1150,200,-164,1,0,1,0
274,388,28,1,1150,200,-164,1,0,1,0
283,383,28,1,1150,200,-164,1,0,1,0
291,379,28,1,1150,200,-164,1,0,1,0
301,374,16,1,1150,200,-164,1,1,1,0
310,373,2,1,1150,200,-164,1,1,1,0
320,373,-12,1,1150,200,-164,1,1,1,0
330,376,-23,1,1150,200,-164,1,0,1,0
339,380,-23,1,1150,200,-164,1,0,1,0
348,384,-23,1,1150,200,-164,1,0,1,0
357,388,-23,1,1150,200,-164,1,0,1,0
366,393,-23,1,1150,200,-164,1,0,1,0
376,397,-23,1,1150,200,-164,1,0,1,0
385,401,-23,1,1150,200,-164,1,0,1,0
394,405,-23,1,1150,200,-164,1,0,1,0
403,408,-12,1,1150,200,-164,1,-1,1,0
413,414,2,1,1150,200,-164,1,-1,1,0
424,420,16,1,1150,200,-164,1,-1,1,0
434,418,21,1,1150,200,-164,1,0,1,0
444,415,21,1,1150,200,-164,1,0,1,0
453,411,21,1,1150,200,-164,1,0,1,0
462,407,21,1,1150,200,-164,1,0,1,0
472,404,21,1,1150,200,-164,1,0,1,0
481,400,21,1,1150,200,-164,1,0,1,0
490,396,21,1,1150,200,-164,1,0,1,0
500,393,21,1,1150,200,-164,1,0,1,0
509,389,11,1,1150,200,-164,1,1,1,0
519,388,0,1,1150,200,-164,1,0,1,0
529,388,0,1,1150,200,-164,1,0,1,0
539,388,0,1,1150,200,-164,1,0,1,0
549,388,0,1,1150,200,-164,1,0,1,0
556,388,0,1,1150,200,-164,1,0,-1,0
546,388,0,1,1150,200,-164,1,0,-1,0
536,388,0,1,1150,200,-164,1,0,-1,0
526,388,0,1,1150,200,-164,1,0,-1,0
516,388,0,1,1150,200,-164,1,0,-1,0
507,389,0,1,1150,200,-164,1,0,-1,0
502,394,0,1,1150,200,-164,1,0,-1,0
91,199,0,1,1150,620,-164,1,0,-1,0
81,199,0,1,1150,620,-164,1,0,-1,0
71,199,0,1,1150,620,-164,1,0,-1,0
70,199,0,1,1150,620,-164,1,0,-1,0
77,199,0,1,1150,620,-164,1,0,1,0
84,199,0,1,1150,620,-164,1,0,1,0
94,199,0,1,1150,620,-176,1,0,1,0
104,199,0,1,1150,620,169,1,0,1,0
114,200,0,1,1150,620,155,1,0,1,0
124,200,0,1,1150,620,140,1,0,1,0
134,200,0,1,1150,620,125,1,0,1,0
144,200,0,1,1150,620,111,1,0,1,0
154,200,0,1,1150,620,101,1,0,1,0
164,200,0,1,1150,620,101,1,0,1,0
174,200,0,1,1150,620,101,1,0,1,0
184,200,0,1,1150,620,101,1,0,1,0
194,200,0,1,1150,620,101,1,0,1,0
204,200,0,1,1150,620,101,1,0,1,0
214,200,0,1,1150,620,101,1,0,1,0
224,200,0,1,1150,620,101,1,0,1,0
234,200,0,1,1150,620,101,1,0,1,0
244,200,0,1,1150,620,101,1,0,1,0
254,200,0,1,1150,620,101,1,0,1,0
264,200,0,1,1150,620,101,1,0,1,0
274,200,0,1,1150,620,101,1,0,1,0
284,200,0,1,1150,620,101,1,0,1,0
294,200,0,1,1150,620,101,1,0,1,0
304,200,0,1,1150,620,111,1,0,1,0
314,200,0,1,1150,620,121,1,0,1,0
324,200,0,1,1150,620,121,1,0,1,0
334,200,0,1,1150,620,121,1,0,1,0
344,200,0,1,1150,620,121,1,0,1,0
355,200,0,1,1150,620,121,1,0,1,0
365,200,0,1,1150,620,121,1,0,1,0
375,200,0,1,1150,620,111,1,0,1,0
385,200,-4,1,1150,620,104,1,1,1,0
394,201,-19,1,1150,620,104,1,1,1,0
404,206,-31,1,1150,620,104,1,0,1,0
412,211,-31,1,1150,620,118,1,0,1,0
421,216,-31,1,1150,620,132,1,0,1,0
429,221,-31,1,1150,620,147,1,0,1,0
438,226,-31,1,1150,620,159,1,0,1,0
447,232,-31,1,1150,620,159,1,0,1,0
455,237,-31,1,1150,620,159,1,0,1,0
464,242,-31,1,1150,620,166,1,0,1,0
472,247,-31,1,1150,620,176,1,0,1,0
481,252,-31,1,1150,620,176,1,0,1,0
489,257,-31,1,1150,620,176,1,0,1,0
498,263,-31,1,1150,620,176,1,0,1,0
507,268,-31,1,1150,620,176,1,0,1,0
515,273,-31,1,1150,620,176,1,0,1,0
524,278,-31,1,1150,620,176,1,0,1,0
532,283,-31,1,1150,620,176,1,0,1,0
541,288,-31,1,1150,620,176,1,0,1,0
549,294,-31,1,1150,620,176,1,0,1,0
558,299,-31,1,1150,620,176,1,0,1,0
567,304,-31,1,1150,620,176,1,0,1,0
575,309,-31,1,1150,620,176,1,0,1,0
584,314,-31,1,1150,620,176,1,0,1,0
593,320,-31,1,1150,620,176,1,0,1,0
601,325,-31,1,1150,620,176,1,0,1,0
610,330,-31,1,1150,620,176,1,0,1,0
618,335,-31,1,1150,620,176,1,0,1,0
627,340,-31,1,1150,620,176,1,0,1,0
636,345,-31,1,1150,620,176,1,0,1,0
644,351,-31,1,1150,620,176,1,0,1,0
653,355,-21,1,1150,620,176,1,-1,1,0
662,358,-7,1,1150,620,176,1,-1,1,0
672,359,-4,1,1150,620,176,1,0,1,0
682,360,-4,1,1150,620,176,1,0,1,0
693,361,-4,1,1150,620,176,1,0,1,0
702,361,-4,1,1150,620,176,1,0,1,0
712,362,-4,1,1150,620,176,1,0,1,0
722,363,-4,1,1150,620,176,1,0,1,0
732,364,-4,1,1150,620,176,1,0,1,0
743,365,-4,1,1150,620,176,1,0,1,0
753,366,-4,1,1150,620,176,1,0,1,0
762,366,-4,1,1156,620,176,1,0,1,0
772,367,-4,1,1166,621,176,1,0,1,0
782,368,-4,1,1176,621,176,1,0,1,0
792,369,-4,1,1186,622,176,1,0,1,0
802,370,-4,1,1178,621,176,1,0,1,0
812,370,-4,1,1168,621,176,1,0,1,0
822,371,-4,1,1166,621,176,1,0,1,0
832,372,-4,1,1166,621,176,1,0,1,0
842,373,-4,1,1166,621,176,1,0,1,0
852,374,-4,1,1174,621,176,1,0,1,0
862,375,-4,1,1171,621,176,1,0,1,0
872,375,-4,1,1161,620,176,1,0,1,0
882,376,-4,1,1151,620,176,1,0,1,0
892,377,-4,1,1141,619,176,1,0,1,0
902,378,-4,1,1131,618,176,1,0,1,0
912,379,-4,1,1121,618,176,1,0,1,0
922,380,-4,1,1111,617,176,1,0,1,0
932,380,-4,1,1101,616,176,1,0,1,0
942,381,-4,1,1091,616,176,1,0,1,0
952,382,-4,1,1081,615,176,1,0,1,0
962,383,-4,1,1071,614,176,1,0,1,0
972,384,-4,1,1061,614,176,1,0,1,0
982,384,-4,1,1051,613,176,1,0,1,0
992,385,-4,1,1041,612,176,1,0,1,0
1002,387,-16,1,1031,612,176,1,1,1,0
1011,391,-31,1,1021,611,176,1,1,1,0
1020,396,-33,1,1011,610,176,1,0,1,0
1028,402,-33,1,1001,610,176,1,0,1,0
1036,407,-33,0,991,609,176,0,0,1,0
1045,413,-33,0,981,608,176,0,0,1,0
1053,418,-33,0,971,608,176,0,0,1,0
1061,424,-33,0,961,607,176,0,0,1,0
1070,429,-33,0,951,606,176,0,0,1,0
1078,435,-33,0,949,606,176,0,0,1,0
1086,440,-33,0,949,606,176,0,0,1,0
1095,446,-33,0,949,606,176,0,0,1,0
1103,452,-33,0,949,606,176,0,0,1,0
1112,457,-33,0,949,606,176,0,0,1,0
1120,463,-33,0,948,606,176,0,0,1,0
1128,468,-33,0,938,606,176,0,0,1,0
1137,474,-33,0,928,605,176,0,0,1,0
1145,479,-33,0,918,604,176,0,0,1,0
1153,485,-40,0,908,604,176,0,1,1,0
1156,487,-55,0,898,603,176,0,1,0,0
1156,487,-69,0,888,602,176,0,1,0,0
1156,487,-83,0,878,602,176,0,1,0,0
1156,487,-98,0,868,601,176,0,1,0,0
1154,494,-107,1,848,600,176,1,0,1,0
1150,503,-107,1,843,596,166,1,0,1,0
1147,513,-107,1,847,588,152,1,0,1,0
1144,522,-107,1,847,582,138,1,0,1,0
1141,532,-107,1,847,580,123,1,0,1,0
1138,541,-107,1,847,580,109,1,0,1,0
1135,551,-107,1,847,580,94,1,0,1,0
1135,551,-107,1,849,569,82,1,0,-1,0
1138,541,-107,1,850,559,82,1,0,-1,0
1141,532,-107,1,851,549,82,1,0,-1,0
1144,522,-107,1,852,544,82,1,0,-1,0
1147,513,-107,1,852,544,82,1,0,-1,0
1150,503,-107,1,852,544,82,1,0,-1,0
1154,494,-107,1,852,544,82,1,0,-1,0
1157,484,-107,1,852,544,82,1,0,-1,0
1160,475,-107,1,852,544,82,1,0,-1,0
1163,465,-114,1,852,544,82,1,1,-1,0
1168,457,-129,1,852,544,82,1,1,-1,0
1169,455,-143,1,852,544,82,1,1,0,0
1169,455,-158,1,852,544,82,1,1,0,0
100,620,-172,1,1150,620,82,1,1,0,0
100,620,173,1,1150,620,82,1,1,0,0
100,620,158,1,1150,620,82,1,1,0,0
100,620,156,1,1150,620,120,1,-1,0,0
100,620,170,1,1150,620,120,1,-1,0,0
98,620,-177,1,1150,620,120,1,0,1,0
88,620,-177,1,1150,620,120,1,0,1,0
78,621,-177,1,1150,620,120,1,0,1,0
71,621,170,1,1150,620,120,1,1,0,0
73,621,156,1,1144,611,120,1,1,0,0
74,621,142,1,1139,602,120,1,1,0,0
74,621,127,1,1134,594,120,1,1,0,0
74,621,113,1,1129,585,118,1,1,0,0
74,621,99,1,1127,582,104,1,1,0,0
74,617,84,1,1127,582,89,1,1,1,0
76,607,70,1,1127,582,84,1,1,1,0
80,598,55,1,1128,577,84,1,1,1,0
86,590,55,1,1129,567,84,1,0,1,0
92,582,55,1,1130,557,84,1,0,1,0
97,574,55,1,1130,547,84,1,0,1,0
103,565,62,1,1131,537,84,1,-1,1,0
106,556,77,1,1132,527,84,1,-1,1,0
108,546,84,1,1133,517,84,1,0,1,0
109,536,84,1,1134,507,84,1,0,1,0
110,526,84,1,1134,503,84,1,0,1,0
111,516,84,1,1134,503,84,1,0,1,0
111,506,84,1,1134,503,84,1,0,1,0
112,496,84,1,1134,503,94,1,0,1,0
113,486,84,1,1134,503,108,1,0,1,0
114,476,84,1,1134,503,120,1,0,1,0
115,466,84,1,1134,503,120,1,0,1,0
116,456,84,1,1134,503,120,1,0,1,0
117,446,84,1,1134,503,128,1,0,1,0
118,436,84,1,1134,503,137,1,0,1,0
119,426,84,1,1131,499,137,1,0,1,0
120,416,77,1,1123,492,137,1,1,1,0
123,407,63,1,1116,486,130,1,1,1,0
129,398,48,1,1110,477,116,1,1,1,0
136,391,34,1,1107,468,102,1,1,1,0
145,387,20,1,1106,458,87,1,1,1,0
155,384,5,1,1107,450,80,1,1,1,0
165,384,-3,1,1107,450,92,1,0,1,0
175,385,-3,1,1107,450,106,1,0,1,0
185,386,-15,1,1107,450,121,1,1,1,0
194,389,-20,1,1107,450,135,1,0,1,0
203,393,-20,1,1107,450,145,1,0,1,0
213,396,-20,1,1107,450,140,1,0,1,0
222,399,-8,1,1107,450,125,1,0,1,0
232,400,-8,1,1107,450,111,1,0,1,0
243,402,-8,1,1106,446,101,1,0,1,0
253,403,-8,1,1104,437,101,1,0,1,0
262,405,-8,1,1102,427,101,1,0,1,0
272,406,-8,1,1100,417,101,1,0,1,0
282,408,-8,1,1098,407,101,1,0,1,0
292,409,-8,1,1096,397,101,1,0,1,0
302,411,-8,1,1094,388,101,1,0,1,0
312,412,-8,1,1092,378,101,1,0,1,0
322,414,-8,1,1090,368,101,1,0,1,0
332,415,-8,1,1084,359,111,1,0,1,0
342,417,-8,1,1077,356,125,1,0,1,0
351,418,-8,1,1073,356,139,1,0,1,0
361,419,3,1,1073,356,149,1,0,1,0
371,418,3,1,1073,356,149,1,0,1,0
381,418,3,0,1073,356,163,0,0,1,0
391,417,3,0,1073,356,170,0,0,1,0
401,416,3,0,1073,356,170,0,0,1,0
411,416,3,0,1073,356,170,0,0,1,0
421,415,3,0,1073,356,170,0,0,1,0
431,415,3,0,1073,356,170,0,0,1,0
441,414,3,0,1073,356,170,0,0,1,0
451,413,3,0,1073,356,170,0,0,1,0
461,413,3,0,1073,356,170,0,0,1,0
463,413,3,0,1073,356,170,0,0,0,0
463,414,-3,0,1073,356,170,0,1,0,0
462,420,-18,0,1050,352,170,0,1,0,0
458,427,-32,0,1040,351,170,0,1,0,0
464,431,-32,0,1030,349,170,0,0,1,0
472,436,-32,0,1020,348,170,0,0,1,0
107,204,-32,0,1147,618,170,0,0,1,0
114,208,-25,1,1127,615,170,1,-1,0,0
114,208,-10,1,1117,613,170,1,-1,0,0
114,208,3,1,1115,613,170,1,-1,0,0
115,208,6,1,1115,613,170,1,0,1,0
125,207,6,1,1115,613,170,1,0,1,0
135,206,6,1,1115,613,170,1,0,1,0
145,205,6,1,1106,611,170,1,0,1,0
155,204,6,1,1096,610,170,1,0,1,0
165,203,6,1,1086,608,170,1,0,1,0
175,202,6,1,1076,606,170,1,0,1,0
185,201,6,1,1066,605,170,1,0,1,0
195,200,6,1,1056,603,170,1,0,1,0
205,199,0,1,1046,602,170,1,1,1,0
215,200,-12,1,1036,600,170,1,0,1,0
225,202,-12,1,1026,598,170,1,0,1,0
234,204,-12,1,1016,597,170,1,0,1,0
244,207,-12,1,1006,596,-179,1,0,1,0
254,209,-10,1,997,602,-170,1,-1,1,0
264,210,-3,1,987,603,-170,1,0,1,0
274,210,-3,1,977,605,-170,1,0,1,0
284,211,-3,1,967,607,-170,1,0,1,0
294,212,-3,1,957,607,175,1,0,1,0
304,212,-3,1,953,607,161,1,0,1,0
314,213,-3,1,953,607,146,1,0,1,0
324,213,-3,1,953,607,132,1,0,1,0
334,214,-3,1,953,607,125,1,0,1,0
344,215,-3,1,953,607,125,1,0,1,0
354,215,-3,1,953,607,125,1,0,1,0
364,216,-5,1,953,607,125,1,1,1,0
374,218,-20,1,953,607,125,1,1,1,0
384,215,-34,1,953,607,125,1,1,1,0
392,218,-39,1,953,607,139,1,0,1,0
400,225,-39,1,953,607,154,1,0,1,0
408,231,-39,1,953,607,154,1,0,1,0
415,237,-39,1,953,607,154,1,0,1,0
423,244,-39,0,953,607,154,0,0,1,1
431,250,-39,0,953,607,154,0,0,1,0
439,256,-39,0,953,607,154,0,0,1,0
446,263,-39,0,953,607,154,0,0,1,0
454,269,-39,0,953,607,154,0,0,1,0
462,275,-39,0,953,607,154,0,0,1,0
470,282,-39,0,953,607,154,0,0,1,0
478,288,-39,0,953,607,154,0,0,1,0
485,294,-39,0,953,607,154,0,0,1,0
493,301,-39,0,953,607,154,0,0,1,0
501,307,-39,0,953,607,154,0,0,1,0
509,313,-39,0,953,607,154,0,0,1,0
516,320,-39,0,953,607,154,0,0,1,0
524,326,-39,0,953,607,154,0,0,1,0
532,332,-39,0,953,607,154,0,0,1,0
540,339,-32,0,953,607,154,0,-1,1,0
549,343,-20,0,953,607,154,0,0,1,0
558,346,-20,0,953,607,154,0,0,1,0
567,350,-20,0,953,607,154,0,0,1,0
577,353,-20,0,953,607,154,0,0,1,0
577,353,-20,1,953,607,154,1,0,-1,0
567,350,-20,1,953,607,154,1,0,-1,0
558,346,-20,1,953,607,154,1,0,-1,0
549,343,-20,1,953,607,154,1,0,-1,0
539,340,-20,1,953,607,154,1,0,-1,0
532,337,-20,1,953,607,154,1,0,-1,0
532,337,-20,1,953,607,154,1,0,-1,0
532,337,-20,1,953,607,154,1,0,-1,0
534,338,-20,1,953,607,154,1,0,1,0
543,341,-20,1,953,607,154,1,0,1,0
553,344,-20,1,953,607,154,1,0,1,0
562,348,-20,1,953,607,154,1,0,1,0
571,351,-20,1,953,607,154,1,0,1,0
581,355,-20,1,953,607,154,1,0,1,0
590,358,-20,1,953,607,146,1,0,1,0
600,362,-20,1,954,608,132,1,0,1,0
609,365,-20,1,960,616,130,1,0,1,0
619,369,-20,1,967,623,130,1,0,1,0
628,372,-20,1,973,631,130,1,0,1,0
637,376,-20,1,980,639,130,1,0,1,0
647,379,-20,1,986,642,130,1,0,1,0
656,383,-20,1,993,642,130,1,0,1,0
666,386,-20,1,999,642,130,1,0,1,0
675,389,-20,1,1005,642,130,1,0,1,0
685,393,-20,1,1012,642,130,1,0,1,0
694,396,-12,1,1018,642,130,1,-1,1,0
704,397,-1,1,1025,642,130,1,0,1,0
714,398,-1,1,1031,642,130,1,0,1,0
724,398,-1,1,1038,642,130,1,0,1,0
734,398,-1,1,1044,642,130,1,0,1,0
744,398,-1,1,1051,642,130,1,0,1,0
754,398,-1,1,1057,642,130,1,0,1,0
764,398,-1,1,1064,642,130,1,0,1,0
774,399,-1,1,1070,642,130,1,0,1,0
784,399,-1,1,1076,642,130,1,0,1,0
794,399,-1,1,1083,642,130,1,0,1,0
804,399,-1,1,1089,642,130,1,0,1,0
814,399,-1,1,1096,642,130,1,0,1,0
824,400,-1,1,1102,642,130,1,0,1,0
834,400,-1,1,1104,642,130,1,0,1,0
844,400,-1,1,1104,642,130,1,0,1,0
854,400,-1,1,1104,642,130,1,0,1,0
864,400,-1,1,1104,642,130,1,0,1,0
874,400,-1,1,1104,642,130,1,0,1,0
884,401,-1,1,1102,639,130,1,0,1,0
106,200,-1,1,1145,194,130,1,0,1,0
116,200,-1,1,1139,187,130,1,0,1,0
126,200,-1,1,1132,179,130,1,0,1,0
136,200,-1,1,1126,171,130,1,0,1,0
146,200,-1,1,1119,166,130,1,0,1,0
156,201,-1,1,1113,166,130,1,0,1,0
166,201,-1,1,1112,166,130,1,0,1,0
176,201,-1,1,1112,166,130,1,0,1,0
186,201,-1,1,1112,166,130,1,0,1,0
196,201,-1,1,1112,166,130,1,0,1,0
206,201,-1,1,1112,166,130,1,0,1,0
216,202,-1,1,1112,166,130,1,0,1,0
226,202,-1,1,1112,166,130,1,0,1,0
236,202,-1,1,1112,166,130,1,0,1,0
246,202,-1,1,1112,166,130,1,0,1,0
257,202,-1,1,1112,166,130,1,0,1,0
267,203,-1,1,1112,166,130,1,0,1,0
277,203,-1,1,1112,166,144,1,0,1,0
287,203,-1,1,1112,166,158,1,0,1,0
297,203,-1,1,1112,166,173,1,0,1,0
307,203,-1,1,1112,166,177,1,0,1,0
317,203,-1,1,1112,166,-179,1,0,1,0
327,204,-1,1,1112,166,-165,1,0,1,0
337,204,-1,1,1112,166,-151,1,0,1,0
347,204,-1,1,1112,166,-141,1,0,1,0
357,204,-1,1,1108,170,-141,1,0,1,0
367,204,-1,1,1100,176,-141,1,0,1,0
377,205,-1,1,1092,182,-141,1,0,1,0
387,205,-3,1,1084,188,-141,1,1,1,0
397,206,-17,1,1076,194,-141,1,1,1,0
406,210,-32,1,1069,201,-141,1,1,1,0
414,217,-44,1,1061,207,-141,1,0,1,0
421,224,-44,1,1053,213,-141,1,0,1,0
428,231,-44,1,1045,219,-141,1,0,1,0
435,237,-44,1,1037,226,-141,1,0,1,0
442,244,-44,1,1029,232,-141,1,0,1,0
450,251,-44,1,1022,238,-141,1,0,1,0
457,258,-44,1,1019,240,-141,1,0,1,0
464,265,-44,1,1027,234,-141,1,0,1,0
471,272,-44,1,1029,232,-141,1,0,1,0
479,279,-44,1,1021,238,-141,1,0,1,0
486,286,-44,1,1014,244,-141,1,0,1,0
493,293,-44,1,1006,251,-141,1,0,1,0
500,300,-44,1,998,257,-141,1,0,1,0
507,307,-44,1,989,262,-155,1,0,1,0
515,314,-44,1,980,265,-170,1,0,1,0
522,321,-44,1,970,266,175,1,0,1,0
529,328,-44,1,960,264,161,1,0,1,0
536,335,-44,1,958,264,146,1,0,1,0
543,342,-44,1,958,264,144,1,0,1,0
551,349,-44,1,958,264,144,1,0,1,0
558,356,-34,1,958,264,144,1,-1,1,0
567,361,-20,1,958,264,153,1,-1,1,0
577,363,-5,1,959,263,168,1,-1,1,0
587,363,1,1,962,263,-177,1,0,1,0
597,363,1,1,962,265,-163,1,0,1,0
607,363,1,1,954,268,-148,1,0,1,0
617,363,1,1,954,268,-143,1,0,1,0
627,362,1,1,954,268,-143,1,0,1,0
637,362,10,1,954,268,-143,1,-1,1,0
647,360,13,0,954,268,-143,0,0,1,0
656,357,13,0,954,268,-143,0,0,1,0
666,355,13,0,954,268,-143,0,0,1,0
676,353,13,0,954,268,-141,0,0,1,0
685,350,13,0,954,268,-127,0,0,1,0
695,348,13,0,954,268,-112,0,0,1,0
100,200,13,0,1150,200,-98,0,0,1,0
109,197,13,0,1150,200,-84,0,0,1,0
119,195,13,0,1150,200,-69,0,0,1,0
129,193,13,0,1150,200,-55,0,0,1,0
138,190,13,0,1150,200,-48,0,0,1,0
148,188,13,0,1150,200,-48,0,0,1,0
158,186,13,0,1150,200,-48,0,0,1,0
168,184,1,0,1150,200,-48,0,1,1,0
178,185,-13,0,1150,200,-48,0,1,1,0
187,188,-20,0,1150,200,-60,0,0,1,0
197,192,-20,0,1150,200,-74,0,0,1,0
206,195,-20,0,1150,200,-89,0,0,1,0
216,199,-17,0,1150,200,-103,0,-1,1,0
225,201,-3,0,1150,200,-117,0,-1,1,0
235,201,1,1,1150,200,-132,1,0,1,0
245,200,1,1,1150,200,-146,1,0,1,0
255,200,1,1,1150,200,-151,1,0,1,0
255,200,1,1,1150,200,-151,1,0,1,0
265,200,1,1,1150,200,-151,1,0,1,0
275,200,1,1,1150,200,-151,1,0,1,0
286,200,1,1,1150,200,-151,1,0,1,0
296,199,1,1,1150,200,-151,1,0,1,0
306,199,1,1,1150,200,-151,1,0,1,0
316,199,1,1,1150,200,-151,1,0,1,0
326,199,1,1,1150,200,-151,1,0,1,0
336,198,1,1,1150,200,-151,1,0,1,0
346,198,1,1,1150,200,-151,1,0,1,0
356,198,1,1,1150,200,-151,1,0,1,0
366,198,1,1,1150,200,-151,1,0,1,0
376,198,1,1,1150,200,-151,1,0,1,0
386,197,1,1,1150,200,-151,1,0,1,0
396,197,1,1,1150,200,-151,1,0,1,0
406,197,1,1,1150,200,-151,1,0,1,0
416,197,-5,1,1150,200,-156,1,1,1,0
426,199,-20,1,1150,200,-163,1,1,1,0
435,204,-32,1,1150,200,-163,1,0,1,0
443,209,-32,1,1150,200,-163,1,0,1,0
452,214,-32,1,1150,200,-163,1,0,1,0
460,220,-32,1,1150,200,-163,1,0,1,0
468,225,-32,1,1150,200,-163,1,0,1,0
477,230,-32,1,1150,200,-163,1,0,1,0
485,236,-32,1,1150,200,-163,1,0,1,0
494,241,-32,1,1140,202,-163,1,0,1,0
502,246,-32,1,1130,205,-163,1,0,1,0
511,252,-32,1,1130,205,-163,1,0,1,0
520,257,-32,1,1130,205,-163,1,0,1,0
528,263,-32,1,1130,205,-163,1,0,1,0
537,268,-32,1,1130,205,-163,1,0,1,0
545,273,-32,1,1130,205,-163,1,0,1,0
554,279,-32,1,1130,205,-163,1,0,1,0
562,284,-32,1,1130,205,-163,1,0,1,0
571,289,-32,1,1130,205,-163,1,0,1,0
579,295,-32,1,1130,205,-163,1,0,1,0
587,300,-32,1,1130,205,-163,1,0,1,0
596,305,-32,1,1130,205,-163,1,0,1,0
604,311,-32,1,1130,205,-163,1,0,1,0
613,316,-32,1,1130,205,-163,1,0,1,0
621,321,-32,1,1130,205,-163,1,0,1,0
630,327,-32,1,1130,205,-163,1,0,1,0
630,327,-32,1,1130,205,-163,1,0,0,0
622,322,-32,1,1130,205,-163,1,0,-1,0
614,317,-32,1,1130,205,-163,1,0,-1,0
606,311,-32,1,1130,205,-163,1,0,-1,0
597,306,-32,1,1130,205,-163,1,0,-1,0
589,301,-32,1,1130,205,-163,1,0,-1,0
580,295,-32,1,1130,205,-163,1,0,-1,0
580,295,-32,1,1130,205,-163,1,0,0,0
580,295,-32,1,1130,205,-163,1,0,0,0
584,298,-32,1,1130,205,-163,1,0,1,0
593,303,-32,1,1130,205,-163,1,0,1,0
594,304,-32,1,1130,205,-163,1,0,0,0
587,300,-32,1,1130,205,-163,1,0,-1,0
100,620,-32,1,1150,200,-163,1,0,-1,0
90,612,-32,1,1150,200,-163,1,0,-1,0
81,606,-32,1,1150,200,-163,1,0,-1,0
77,601,-32,1,1150,200,-163,1,0,-1,0
77,598,-32,1,1150,200,-163,1,0,0,0
80,600,-32,1,1150,200,-163,1,0,1,0
88,605,-32,1,1150,200,-163,1,0,1,0
97,611,-29,1,1150,200,-163,1,-1,1,0
106,615,-15,1,1150,200,-163,1,-1,1,0
116,616,0,1,1150,200,-163,1,-1,1,0
126,615,13,1,1150,200,-163,1,-1,1,0
134,612,27,1,1150,200,-163,1,-1,1,0
134,607,42,1,1150,200,-163,1,-1,1,0
137,599,56,1,1150,200,-163,1,-1,1,0
142,590,70,1,1150,200,-163,1,-1,1,0
144,580,85,1,1150,200,-163,1,-1,1,0
144,570,99,1,1150,200,-163,1,-1,1,0
141,561,104,1,1150,200,-163,1,0,1,0
139,551,104,1,1150,200,-163,1,0,1,0
137,541,104,1,1150,200,-163,1,0,1,0
134,532,104,1,1150,200,-163,1,0,1,0
132,522,104,1,1150,200,-163,1,0,1,0
129,512,104,1,1150,200,-163,1,0,1,0
127,503,104,1,1150,200,-163,1,0,1,0
124,493,101,1,1150,200,-163,1,1,1,0
123,483,87,1,1150,200,-163,1,1,1,0
125,473,73,1,1150,200,-163,1,1,1,0
128,463,70,1,1150,200,-163,1,0,1,0
131,454,70,1,1150,200,-163,1,0,1,0
134,445,70,1,1150,200,-163,1,0,1,0
138,435,70,1,1150,200,-163,1,0,1,0
141,426,70,1,1150,200,-163,1,0,1,0
144,416,70,1,1150,200,-163,1,0,1,0
147,407,70,1,1150,200,-163,1,0,1,0
152,398,56,1,1150,200,-163,1,1,1,0
158,390,42,1,1150,200,-163,1,1,1,0
166,384,27,1,1150,200,-163,1,1,1,0
175,380,13,1,1150,200,-163,1,1,1,0
185,379,0,1,1150,200,-163,1,1,1,0
195,380,-15,1,1150,200,-163,1,1,1,0
205,383,-15,1,1150,200,-163,1,0,1,0
215,385,-15,1,1150,200,-163,1,0,1,0
224,388,-15,1,1150,200,-163,1,0,1,0
234,391,-15,1,1150,200,-163,1,0,1,0
244,393,-15,1,1150,200,-163,1,0,1,0
257,397,-15,1,1150,200,-163,1,0,1,0
266,400,-15,1,1150,200,-163,1,0,1,0
276,402,-15,1,1150,200,-163,1,0,1,0
273,401,-15,1,1150,200,-163,1,0,-1,0
263,399,-15,1,1150,200,-163,1,0,-1,0
265,399,-15,1,1150,200,-163,1,0,1,0
274,402,-15,1,1150,200,-163,1,0,1,0
284,404,-15,1,1150,200,-163,1,0,1,0
294,407,-15,1,1150,200,-163,1,0,1,0
303,410,-15,1,1150,200,-163,1,0,1,0
313,412,-15,1,1150,200,-163,1,0,1,0
322,415,-15,1,1150,200,-163,1,0,1,0
332,418,-15,1,1150,200,-163,1,0,1,0
342,420,-15,1,1150,200,-163,1,0,1,0
352,423,-15,1,1150,200,-163,1,0,1,0
361,426,-15,1,1150,200,-163,1,0,1,0
371,428,-15,1,1150,200,-163,1,0,1,0
381,431,-8,1,1154,198,-163,1,-1,1,0
390,431,6,1,1157,197,-163,1,-1,1,0
400,429,20,1,1157,197,-163,1,-1,1,0
409,425,25,1,1157,197,-163,1,0,1,0
417,422,25,1,1157,197,-163,1,0,1,0
419,424,25,1,1157,197,-163,1,0,1,0
423,426,25,1,1157,197,-163,1,0,1,0
432,421,25,1,1157,197,-163,1,0,1,0
441,417,25,1,1157,197,-163,1,0,1,0
450,413,25,1,1157,197,-163,1,0,1,0
459,408,25,1,1157,197,-163,1,0,1,0
468,404,25,1,1157,197,-163,1,0,1,0
477,400,25,1,1157,197,-163,1,0,1,0
486,395,25,1,1157,197,-170,1,0,1,0
496,391,22,1,1157,197,179,1,0,1,0
505,388,22,1,1157,197,179,1,0,1,0
514,384,22,1,1157,197,179,1,0,1,0
523,380,30,1,1157,197,179,1,-1,1,0
531,374,44,1,1157,197,179,1,-1,1,0
538,366,58,1,1157,197,179,1,-1,1,0
542,357,70,1,1157,197,179,1,0,1,0
545,347,70,1,1157,197,179,1,0,1,0
548,338,70,1,1157,197,179,1,0,1,0
552,328,70,1,1157,197,179,1,0,1,0
555,319,70,1,1157,197,179,1,0,1,0
558,309,70,1,1157,197,179,1,0,1,0
562,300,68,1,1157,197,-177,1,1,1,0
562,298,54,1,1157,197,-175,1,1,0,0
559,302,39,1,1157,197,-168,1,1,-1,0
549,309,34,1,1157,197,-163,1,0,-1,0
541,314,23,1,1157,197,-151,1,1,-1,0
539,314,8,1,1157,197,-149,1,1,0,0
539,314,-6,1,1157,197,-138,1,1,0,0
539,314,-20,1,1157,197,-138,1,1,0,0
542,316,-25,1,1157,197,-138,1,0,1,0
551,320,-25,1,1157,197,-138,1,0,1,0
560,324,-25,1,1157,197,-138,1,0,1,0
569,329,-25,1,1157,197,-138,1,0,1,0
578,333,-25,1,1157,197,-138,1,0,1,0
587,337,-25,1,1157,197,-138,1,0,1,0
597,341,-13,1,1157,197,-138,1,-1,1,0
607,342,-3,1,1157,197,-138,1,0,1,0
617,343,-3,1,1157,197,-138,1,0,1,0
627,344,-3,1,1157,197,-138,1,0,1,0
637,344,-3,1,1157,197,-150,1,0,1,0
647,345,-3,1,1157,197,-158,1,0,1,0
647,345,-3,1,1157,197,-158,1,0,0,0
637,344,-3,1,1157,197,-158,1,0,-1,0
627,344,-3,1,1157,197,-158,1,0,-1,0
617,343,-3,1,1157,197,-158,1,0,-1,0
607,342,-3,1,1157,197,-158,1,0,-1,0
597,342,-3,1,1157,197,-158,1,0,-1,0
587,341,-3,1,1157,197,-158,1,0,-1,0
597,342,-3,1,1157,197,-158,1,0,1,0
607,342,-3,1,1157,197,-158,1,0,1,0
617,343,-3,1,1157,197,-158,1,0,1,0
627,344,-3,1,1157,197,-158,1,0,1,0
637,344,-3,1,1157,197,-158,1,0,1,0
647,345,0,1,1157,197,-158,1,-1,1,0
653,344,12,1,1157,197,-158,1,0,-1,0
644,347,12,1,1157,197,-158,1,0,-1,0
634,349,12,1,1157,197,-158,1,0,-1,0
624,351,12,1,1157,197,-158,1,0,-1,0
614,353,12,1,1157,197,-158,1,0,-1,0
605,356,12,1,1157,197,-158,1,0,-1,0
595,358,12,1,1157,197,-158,1,0,-1,0
605,356,12,1,1157,197,-158,1,0,1,0
615,353,12,1,1157,197,-158,1,0,1,0
624,351,12,1,1157,197,-158,1,0,1,0
634,349,12,1,1157,197,-158,1,0,1,0
644,347,12,1,1157,197,-158,1,0,1,0
653,344,12,1,1157,197,-158,1,0,1,0
663,343,12,1,1157,197,-158,1,0,1,0
662,346,12,1,1157,197,-158,1,0,-1,0
652,348,12,1,1157,197,-158,1,0,-1,0
642,350,12,1,1157,197,-158,1,0,-1,0
632,352,12,1,1157,197,-158,1,0,-1,0
623,355,12,1,1157,197,-158,1,0,-1,0
613,357,12,1,1157,197,-158,1,0,-1,0
603,359,12,1,1157,197,-158,1,0,-1,0
593,361,12,1,1157,197,-158,1,0,-1,0
602,359,12,1,1157,197,-158,1,0,1,0
611,357,12,1,1157,197,-158,1,0,1,0
621,355,12,1,1157,197,-158,1,0,1,0
631,353,12,1,1157,197,-158,1,0,1,0
641,350,12,1,1157,197,-158,1,0,1,0
651,348,12,1,1157,197,-158,1,0,1,0
660,346,12,1,1157,197,-158,1,0,1,0
670,344,12,1,1157,197,-158,1,0,1,0
680,343,12,1,1157,197,-158,1,0,1,0
690,343,12,0,1157,197,-158,0,0,1,1
700,343,12,0,1157,197,-158,0,0,1,0
703,344,12,0,1157,197,-158,0,0,-1,0
693,346,12,0,1157,197,-158,0,0,-1,0
683,349,12,0,1157,197,-158,0,0,-1,0
673,351,12,0,1157,197,-158,0,0,-1,0
664,353,12,0,1157,197,-158,0,0,-1,0
654,355,12,0,1157,197,-143,0,0,-1,0
644,357,12,0,1157,197,-136,0,0,-1,0
100,200,8,0,1155,618,-93,0,1,0,0
100,200,-6,1,1155,618,-79,1,1,0,0
100,200,-20,1,1155,618,-64,1,1,0,0
105,203,-27,1,1155,618,-50,1,0,1,0
114,207,-27,1,1155,618,-36,1,0,1,0
123,212,-27,1,1155,618,-21,1,0,1,0
132,217,-27,1,1155,618,-7,1,0,1,0
141,220,-18,1,1155,618,6,1,-1,1,0
151,222,-3,1,1155,618,21,1,-1,1,0
161,223,-3,1,1155,618,35,1,0,1,0
171,223,-3,1,1155,618,50,1,0,1,0
181,224,-3,1,1155,618,64,1,0,1,0
191,225,-3,1,1156,617,74,1,0,1,0
201,225,-3,1,1159,607,74,1,0,1,0
211,226,-3,1,1161,597,74,1,0,1,0
221,227,-3,1,1164,588,74,1,0,1,0
231,227,-3,1,1165,583,78,1,0,1,0
241,228,-3,1,1165,583,93,1,0,1,0
251,229,-3,1,1165,583,107,1,0,1,0
261,229,-3,1,1165,583,112,1,0,1,0
271,229,-3,1,1165,583,112,1,0,1,0
281,229,-3,1,1165,583,112,1,0,1,0
291,229,-3,1,1165,583,112,1,0,1,0
301,229,-3,1,1165,583,112,1,0,1,0
311,229,-3,1,1165,583,112,1,0,1,0
321,229,-3,1,1165,583,112,1,0,1,0
331,229,-3,1,1165,583,112,1,0,1,0
341,229,-3,1,1165,583,112,1,0,1,0
351,229,-3,1,1165,583,112,1,0,1,0
361,229,-3,1,1165,583,112,1,0,1,0
371,229,-3,1,1165,583,112,1,0,1,0
380,229,-3,1,1165,583,112,1,0,1,0
104,200,-3,1,1148,615,112,1,0,1,0
114,200,-3,1,1148,615,112,1,0,1,0
124,201,-3,1,1148,615,112,1,0,1,0
135,202,-3,1,1148,615,112,1,0,1,0
144,202,-3,1,1148,615,112,1,0,1,0
154,203,-3,1,1148,615,112,1,0,1,0
164,204,-3,1,1148,615,112,1,0,1,0
174,204,-3,1,1148,615,112,1,0,1,0
184,205,-3,1,1148,615,112,1,0,1,0
194,206,-3,1,1148,615,112,1,0,1,0
204,206,-3,1,1148,615,112,1,0,1,0
214,207,-3,1,1148,615,112,1,0,1,0
224,208,-3,1,1148,615,112,1,0,1,0
234,208,-3,1,1148,615,112,1,0,1,0
245,209,-3,1,1148,615,112,1,0,1,0
255,210,-3,1,1148,615,112,1,0,1,0
265,210,-3,1,1148,615,112,1,0,1,0
275,211,-3,1,1148,615,112,1,0,1,0
100,620,0,1,1150,200,-179,1,0,1,0
100,620,7,1,1182,199,-146,1,-1,0,0
100,620,21,1,1182,199,-139,1,-1,0,0
100,620,35,1,1182,199,-139,1,-1,0,0
100,620,50,1,1182,199,-139,1,-1,0,0
100,620,64,1,1182,199,-139,1,-1,0,0
100,616,74,1,1182,199,-139,1,0,1,0
103,607,74,1,1182,199,-139,1,0,1,0
106,597,74,1,1182,199,-139,1,0,1,0
109,587,74,1,1182,199,-139,1,0,1,0
111,578,74,1,1182,199,-139,1,0,1,0
114,568,74,1,1182,199,-139,1,0,1,0
116,558,85,1,1182,199,-139,1,-1,1,0
116,548,95,1,1182,199,-139,1,0,1,0
115,538,95,1,1182,199,-139,1,0,1,0
114,528,95,1,1182,199,-139,1,0,1,0
113,518,95,1,1182,199,-139,1,0,1,0
112,507,95,1,1182,199,-139,1,0,1,0
111,497,95,1,1182,199,-139,1,0,1,0
110,487,95,1,1182,199,-139,1,0,1,0
110,477,81,1,1182,199,-139,1,1,1,0
112,467,78,1,1182,199,-139,1,0,1,0
114,457,78,1,1182,199,-139,1,0,1,0
116,447,78,1,1182,199,-139,1,0,1,0
118,438,78,1,1182,199,-139,1,0,1,0
120,428,74,1,1182,199,-139,1,1,1,0
124,418,59,1,1182,199,-139,1,1,1,0
130,410,45,1,1182,199,-139,1,1,1,0
137,404,30,1,1182,199,-139,1,1,1,0
147,400,16,1,1182,199,-139,1,1,1,0
156,397,16,1,1182,199,-139,1,0,1,0
166,394,16,1,1182,199,-139,1,0,1,0
175,391,16,1,1182,199,-139,1,0,1,0
185,389,16,1,1182,199,-139,1,0,1,0
195,386,16,1,1182,199,-139,1,0,1,0
204,383,16,1,1182,199,-139,1,0,1,0
214,381,4,1,1182,199,-139,1,1,1,0
224,381,-9,1,1182,199,-139,1,1,1,0
234,383,-14,1,1182,199,-139,1,0,1,0
243,386,-14,1,1182,199,-139,1,0,1,0
253,388,-14,1,1182,199,-139,1,0,1,0